District Name,"School
Code",School Name,Year,State Board Region,Grade Span,Missed Days due to Hurricane Florence,Subgroup,ACT Subtest or Composite,Percent Meeting Benchmark or Standard ACT
State of North Carolina,NC,State of North Carolina,'18-'19,,,,All Students,ACT composite score of 17 or higher,55.8
State of North Carolina,NC,State of North Carolina,'18-'19,,,,Female,ACT composite score of 17 or higher,59
State of North Carolina,NC,State of North Carolina,'18-'19,,,,Male,ACT composite score of 17 or higher,52.5
State of North Carolina,NC,State of North Carolina,'18-'19,,,,American Indian,ACT composite score of 17 or higher,37.4
State of North Carolina,NC,State of North Carolina,'18-'19,,,,Asian,ACT composite score of 17 or higher,77.9
State of North Carolina,NC,State of North Carolina,'18-'19,,,,Black,ACT composite score of 17 or higher,32
State of North Carolina,NC,State of North Carolina,'18-'19,,,,Hispanic,ACT composite score of 17 or higher,40.2
State of North Carolina,NC,State of North Carolina,'18-'19,,,,Two or More Races,ACT composite score of 17 or higher,56.5
State of North Carolina,NC,State of North Carolina,'18-'19,,,,White,ACT composite score of 17 or higher,70.3
State of North Carolina,NC,State of North Carolina,'18-'19,,,,Economically Disadvantaged,ACT composite score of 17 or higher,35.8
State of North Carolina,NC,State of North Carolina,'18-'19,,,,English Learner,ACT composite score of 17 or higher,6.9
State of North Carolina,NC,State of North Carolina,'18-'19,,,,Students With Disabilities,ACT composite score of 17 or higher,15.3
State of North Carolina,NC,State of North Carolina,'18-'19,,,,Academically or Intellectually Gifted,ACT composite score of 17 or higher,95
State of North Carolina,NC,State of North Carolina,'18-'19,,,,Homeless,ACT composite score of 17 or higher,31.8
State of North Carolina,NC,State of North Carolina,'18-'19,,,,Foster Care,ACT composite score of 17 or higher,33.7
State of North Carolina,NC,State of North Carolina,'18-'19,,,,Military Connected,ACT composite score of 17 or higher,66.4
State of North Carolina,NC,State of North Carolina,'18-'19,,,,Migrant,ACT composite score of 17 or higher,18.4
State of North Carolina,NC,State of North Carolina,'18-'19,,,,Not Economically Disadvantaged,ACT composite score of 17 or higher,67.9
State of North Carolina,NC,State of North Carolina,'18-'19,,,,Not a Student with Disabilities,ACT composite score of 17 or higher,59.1
Charlotte-Mecklenburg Schools,600,Charlotte-Mecklenburg Schools,'18-'19,Southwest,,3,All Students,ACT composite score of 17 or higher,54.6
Charlotte-Mecklenburg Schools,600,Charlotte-Mecklenburg Schools,'18-'19,Southwest,,3,Female,ACT composite score of 17 or higher,56.7
Charlotte-Mecklenburg Schools,600,Charlotte-Mecklenburg Schools,'18-'19,Southwest,,3,Male,ACT composite score of 17 or higher,52.2
Charlotte-Mecklenburg Schools,600,Charlotte-Mecklenburg Schools,'18-'19,Southwest,,3,American Indian,ACT composite score of 17 or higher,27.3
Charlotte-Mecklenburg Schools,600,Charlotte-Mecklenburg Schools,'18-'19,Southwest,,3,Asian,ACT composite score of 17 or higher,70.8
Charlotte-Mecklenburg Schools,600,Charlotte-Mecklenburg Schools,'18-'19,Southwest,,3,Black,ACT composite score of 17 or higher,35.8
Charlotte-Mecklenburg Schools,600,Charlotte-Mecklenburg Schools,'18-'19,Southwest,,3,Hispanic,ACT composite score of 17 or higher,36.9
Charlotte-Mecklenburg Schools,600,Charlotte-Mecklenburg Schools,'18-'19,Southwest,,3,Two or More Races,ACT composite score of 17 or higher,63.2
Charlotte-Mecklenburg Schools,600,Charlotte-Mecklenburg Schools,'18-'19,Southwest,,3,White,ACT composite score of 17 or higher,84.1
Charlotte-Mecklenburg Schools,600,Charlotte-Mecklenburg Schools,'18-'19,Southwest,,3,Economically Disadvantaged,ACT composite score of 17 or higher,34.3
Charlotte-Mecklenburg Schools,600,Charlotte-Mecklenburg Schools,'18-'19,Southwest,,3,English Learner,ACT composite score of 17 or higher,9
Charlotte-Mecklenburg Schools,600,Charlotte-Mecklenburg Schools,'18-'19,Southwest,,3,Students With Disabilities,ACT composite score of 17 or higher,14.3
Charlotte-Mecklenburg Schools,600,Charlotte-Mecklenburg Schools,'18-'19,Southwest,,3,Academically or Intellectually Gifted,ACT composite score of 17 or higher,95
Charlotte-Mecklenburg Schools,600,Charlotte-Mecklenburg Schools,'18-'19,Southwest,,3,Homeless,ACT composite score of 17 or higher,27.5
Charlotte-Mecklenburg Schools,600,Charlotte-Mecklenburg Schools,'18-'19,Southwest,,3,Foster Care,ACT composite score of 17 or higher,23.1
Charlotte-Mecklenburg Schools,600,Charlotte-Mecklenburg Schools,'18-'19,Southwest,,3,Not Economically Disadvantaged,ACT composite score of 17 or higher,64.9
Charlotte-Mecklenburg Schools,600,Charlotte-Mecklenburg Schools,'18-'19,Southwest,,3,Not a Student with Disabilities,ACT composite score of 17 or higher,56.8
Charlotte-Mecklenburg Schools,600302,Ardrey Kell High,'18-'19,Southwest,12-Sep,3,All Students,ACT composite score of 17 or higher,85.1
Charlotte-Mecklenburg Schools,600302,Ardrey Kell High,'18-'19,Southwest,12-Sep,3,Female,ACT composite score of 17 or higher,84.8
Charlotte-Mecklenburg Schools,600302,Ardrey Kell High,'18-'19,Southwest,12-Sep,3,Male,ACT composite score of 17 or higher,85.6
Charlotte-Mecklenburg Schools,600302,Ardrey Kell High,'18-'19,Southwest,12-Sep,3,Asian,ACT composite score of 17 or higher,95
Charlotte-Mecklenburg Schools,600302,Ardrey Kell High,'18-'19,Southwest,12-Sep,3,Black,ACT composite score of 17 or higher,65.6
Charlotte-Mecklenburg Schools,600302,Ardrey Kell High,'18-'19,Southwest,12-Sep,3,Hispanic,ACT composite score of 17 or higher,63.8
Charlotte-Mecklenburg Schools,600302,Ardrey Kell High,'18-'19,Southwest,12-Sep,3,Two or More Races,ACT composite score of 17 or higher,77.8
Charlotte-Mecklenburg Schools,600302,Ardrey Kell High,'18-'19,Southwest,12-Sep,3,White,ACT composite score of 17 or higher,89.1
Charlotte-Mecklenburg Schools,600302,Ardrey Kell High,'18-'19,Southwest,12-Sep,3,Economically Disadvantaged,ACT composite score of 17 or higher,58.1
Charlotte-Mecklenburg Schools,600302,Ardrey Kell High,'18-'19,Southwest,12-Sep,3,English Learner,ACT composite score of 17 or higher,50
Charlotte-Mecklenburg Schools,600302,Ardrey Kell High,'18-'19,Southwest,12-Sep,3,Students With Disabilities,ACT composite score of 17 or higher,34.5
Charlotte-Mecklenburg Schools,600302,Ardrey Kell High,'18-'19,Southwest,12-Sep,3,Academically or Intellectually Gifted,ACT composite score of 17 or higher,95
Charlotte-Mecklenburg Schools,600302,Ardrey Kell High,'18-'19,Southwest,12-Sep,3,Not Economically Disadvantaged,ACT composite score of 17 or higher,88.1
Charlotte-Mecklenburg Schools,600302,Ardrey Kell High,'18-'19,Southwest,12-Sep,3,Not a Student with Disabilities,ACT composite score of 17 or higher,87.2
Charlotte-Mecklenburg Schools,600312,William Amos Hough High,'18-'19,Southwest,12-Sep,3,All Students,ACT composite score of 17 or higher,76.2
Charlotte-Mecklenburg Schools,600312,William Amos Hough High,'18-'19,Southwest,12-Sep,3,Female,ACT composite score of 17 or higher,75.9
Charlotte-Mecklenburg Schools,600312,William Amos Hough High,'18-'19,Southwest,12-Sep,3,Male,ACT composite score of 17 or higher,76.6
Charlotte-Mecklenburg Schools,600312,William Amos Hough High,'18-'19,Southwest,12-Sep,3,Asian,ACT composite score of 17 or higher,88.2
Charlotte-Mecklenburg Schools,600312,William Amos Hough High,'18-'19,Southwest,12-Sep,3,Black,ACT composite score of 17 or higher,51
Charlotte-Mecklenburg Schools,600312,William Amos Hough High,'18-'19,Southwest,12-Sep,3,Hispanic,ACT composite score of 17 or higher,55.9
Charlotte-Mecklenburg Schools,600312,William Amos Hough High,'18-'19,Southwest,12-Sep,3,Two or More Races,ACT composite score of 17 or higher,46.7
Charlotte-Mecklenburg Schools,600312,William Amos Hough High,'18-'19,Southwest,12-Sep,3,White,ACT composite score of 17 or higher,82.7
Charlotte-Mecklenburg Schools,600312,William Amos Hough High,'18-'19,Southwest,12-Sep,3,Economically Disadvantaged,ACT composite score of 17 or higher,44.8
Charlotte-Mecklenburg Schools,600312,William Amos Hough High,'18-'19,Southwest,12-Sep,3,English Learner,ACT composite score of 17 or higher,16.7
Charlotte-Mecklenburg Schools,600312,William Amos Hough High,'18-'19,Southwest,12-Sep,3,Students With Disabilities,ACT composite score of 17 or higher,24
Charlotte-Mecklenburg Schools,600312,William Amos Hough High,'18-'19,Southwest,12-Sep,3,Academically or Intellectually Gifted,ACT composite score of 17 or higher,95
Charlotte-Mecklenburg Schools,600312,William Amos Hough High,'18-'19,Southwest,12-Sep,3,Not Economically Disadvantaged,ACT composite score of 17 or higher,79.8
Charlotte-Mecklenburg Schools,600312,William Amos Hough High,'18-'19,Southwest,12-Sep,3,Not a Student with Disabilities,ACT composite score of 17 or higher,78.7
Charlotte-Mecklenburg Schools,600334,Cato Middle College High,'18-'19,Southwest,13-Nov,3,All Students,ACT composite score of 17 or higher,91.3
Charlotte-Mecklenburg Schools,600334,Cato Middle College High,'18-'19,Southwest,13-Nov,3,Female,ACT composite score of 17 or higher,91.9
Charlotte-Mecklenburg Schools,600334,Cato Middle College High,'18-'19,Southwest,13-Nov,3,Male,ACT composite score of 17 or higher,90
Charlotte-Mecklenburg Schools,600334,Cato Middle College High,'18-'19,Southwest,13-Nov,3,Black,ACT composite score of 17 or higher,91.1
Charlotte-Mecklenburg Schools,600334,Cato Middle College High,'18-'19,Southwest,13-Nov,3,White,ACT composite score of 17 or higher,92.3
Charlotte-Mecklenburg Schools,600334,Cato Middle College High,'18-'19,Southwest,13-Nov,3,Economically Disadvantaged,ACT composite score of 17 or higher,88.6
Charlotte-Mecklenburg Schools,600334,Cato Middle College High,'18-'19,Southwest,13-Nov,3,Academically or Intellectually Gifted,ACT composite score of 17 or higher,92.9
Charlotte-Mecklenburg Schools,600334,Cato Middle College High,'18-'19,Southwest,13-Nov,3,Not Economically Disadvantaged,ACT composite score of 17 or higher,93
Charlotte-Mecklenburg Schools,600334,Cato Middle College High,'18-'19,Southwest,13-Nov,3,Not a Student with Disabilities,ACT composite score of 17 or higher,91.2
Charlotte-Mecklenburg Schools,600341,Cochrane Collegiate Academy,'18-'19,Southwest,12-Jun,3,All Students,ACT composite score of 17 or higher,35.7
Charlotte-Mecklenburg Schools,600341,Cochrane Collegiate Academy,'18-'19,Southwest,12-Jun,3,Female,ACT composite score of 17 or higher,32.5
Charlotte-Mecklenburg Schools,600341,Cochrane Collegiate Academy,'18-'19,Southwest,12-Jun,3,Male,ACT composite score of 17 or higher,40
Charlotte-Mecklenburg Schools,600341,Cochrane Collegiate Academy,'18-'19,Southwest,12-Jun,3,Black,ACT composite score of 17 or higher,19.4
Charlotte-Mecklenburg Schools,600341,Cochrane Collegiate Academy,'18-'19,Southwest,12-Jun,3,Hispanic,ACT composite score of 17 or higher,41.2
Charlotte-Mecklenburg Schools,600341,Cochrane Collegiate Academy,'18-'19,Southwest,12-Jun,3,Economically Disadvantaged,ACT composite score of 17 or higher,33.3
Charlotte-Mecklenburg Schools,600341,Cochrane Collegiate Academy,'18-'19,Southwest,12-Jun,3,English Learner,ACT composite score of 17 or higher,8.3
Charlotte-Mecklenburg Schools,600341,Cochrane Collegiate Academy,'18-'19,Southwest,12-Jun,3,Not Economically Disadvantaged,ACT composite score of 17 or higher,37.2
Charlotte-Mecklenburg Schools,600341,Cochrane Collegiate Academy,'18-'19,Southwest,12-Jun,3,Not a Student with Disabilities,ACT composite score of 17 or higher,37.5
Charlotte-Mecklenburg Schools,600361,Butler High,'18-'19,Southwest,12-Sep,3,All Students,ACT composite score of 17 or higher,52.8
Charlotte-Mecklenburg Schools,600361,Butler High,'18-'19,Southwest,12-Sep,3,Female,ACT composite score of 17 or higher,57.3
Charlotte-Mecklenburg Schools,600361,Butler High,'18-'19,Southwest,12-Sep,3,Male,ACT composite score of 17 or higher,47.7
Charlotte-Mecklenburg Schools,600361,Butler High,'18-'19,Southwest,12-Sep,3,Asian,ACT composite score of 17 or higher,56.7
Charlotte-Mecklenburg Schools,600361,Butler High,'18-'19,Southwest,12-Sep,3,Black,ACT composite score of 17 or higher,38.7
Charlotte-Mecklenburg Schools,600361,Butler High,'18-'19,Southwest,12-Sep,3,Hispanic,ACT composite score of 17 or higher,39.8
Charlotte-Mecklenburg Schools,600361,Butler High,'18-'19,Southwest,12-Sep,3,Two or More Races,ACT composite score of 17 or higher,73.3
Charlotte-Mecklenburg Schools,600361,Butler High,'18-'19,Southwest,12-Sep,3,White,ACT composite score of 17 or higher,73.4
Charlotte-Mecklenburg Schools,600361,Butler High,'18-'19,Southwest,12-Sep,3,Economically Disadvantaged,ACT composite score of 17 or higher,38
Charlotte-Mecklenburg Schools,600361,Butler High,'18-'19,Southwest,12-Sep,3,English Learner,ACT composite score of 17 or higher,18.6
Charlotte-Mecklenburg Schools,600361,Butler High,'18-'19,Southwest,12-Sep,3,Students With Disabilities,ACT composite score of 17 or higher,11.1
Charlotte-Mecklenburg Schools,600361,Butler High,'18-'19,Southwest,12-Sep,3,Academically or Intellectually Gifted,ACT composite score of 17 or higher,95
Charlotte-Mecklenburg Schools,600361,Butler High,'18-'19,Southwest,12-Sep,3,Not Economically Disadvantaged,ACT composite score of 17 or higher,61.7
Charlotte-Mecklenburg Schools,600361,Butler High,'18-'19,Southwest,12-Sep,3,Not a Student with Disabilities,ACT composite score of 17 or higher,54.7
Charlotte-Mecklenburg Schools,600364,Military and Global Leadership Academy,'18-'19,Southwest,12-Sep,3,All Students,ACT composite score of 17 or higher,34.4
Charlotte-Mecklenburg Schools,600364,Military and Global Leadership Academy,'18-'19,Southwest,12-Sep,3,Female,ACT composite score of 17 or higher,38.1
Charlotte-Mecklenburg Schools,600364,Military and Global Leadership Academy,'18-'19,Southwest,12-Sep,3,Male,ACT composite score of 17 or higher,27.3
Charlotte-Mecklenburg Schools,600364,Military and Global Leadership Academy,'18-'19,Southwest,12-Sep,3,Black,ACT composite score of 17 or higher,20
Charlotte-Mecklenburg Schools,600364,Military and Global Leadership Academy,'18-'19,Southwest,12-Sep,3,Hispanic,ACT composite score of 17 or higher,33.3
Charlotte-Mecklenburg Schools,600364,Military and Global Leadership Academy,'18-'19,Southwest,12-Sep,3,Economically Disadvantaged,ACT composite score of 17 or higher,40
Charlotte-Mecklenburg Schools,600364,Military and Global Leadership Academy,'18-'19,Southwest,12-Sep,3,Not Economically Disadvantaged,ACT composite score of 17 or higher,31.8
Charlotte-Mecklenburg Schools,600364,Military and Global Leadership Academy,'18-'19,Southwest,12-Sep,3,Not a Student with Disabilities,ACT composite score of 17 or higher,36.7
Charlotte-Mecklenburg Schools,600377,East Mecklenburg High,'18-'19,Southwest,12-Sep,3,All Students,ACT composite score of 17 or higher,49.1
Charlotte-Mecklenburg Schools,600377,East Mecklenburg High,'18-'19,Southwest,12-Sep,3,Female,ACT composite score of 17 or higher,50
Charlotte-Mecklenburg Schools,600377,East Mecklenburg High,'18-'19,Southwest,12-Sep,3,Male,ACT composite score of 17 or higher,48.4
Charlotte-Mecklenburg Schools,600377,East Mecklenburg High,'18-'19,Southwest,12-Sep,3,Asian,ACT composite score of 17 or higher,33.3
Charlotte-Mecklenburg Schools,600377,East Mecklenburg High,'18-'19,Southwest,12-Sep,3,Black,ACT composite score of 17 or higher,34
Charlotte-Mecklenburg Schools,600377,East Mecklenburg High,'18-'19,Southwest,12-Sep,3,Hispanic,ACT composite score of 17 or higher,46.4
Charlotte-Mecklenburg Schools,600377,East Mecklenburg High,'18-'19,Southwest,12-Sep,3,Two or More Races,ACT composite score of 17 or higher,57.1
Charlotte-Mecklenburg Schools,600377,East Mecklenburg High,'18-'19,Southwest,12-Sep,3,White,ACT composite score of 17 or higher,84.3
Charlotte-Mecklenburg Schools,600377,East Mecklenburg High,'18-'19,Southwest,12-Sep,3,Economically Disadvantaged,ACT composite score of 17 or higher,34.8
Charlotte-Mecklenburg Schools,600377,East Mecklenburg High,'18-'19,Southwest,12-Sep,3,English Learner,ACT composite score of 17 or higher,7
Charlotte-Mecklenburg Schools,600377,East Mecklenburg High,'18-'19,Southwest,12-Sep,3,Students With Disabilities,ACT composite score of 17 or higher,6.7
Charlotte-Mecklenburg Schools,600377,East Mecklenburg High,'18-'19,Southwest,12-Sep,3,Academically or Intellectually Gifted,ACT composite score of 17 or higher,95
Charlotte-Mecklenburg Schools,600377,East Mecklenburg High,'18-'19,Southwest,12-Sep,3,Not Economically Disadvantaged,ACT composite score of 17 or higher,61.3
Charlotte-Mecklenburg Schools,600377,East Mecklenburg High,'18-'19,Southwest,12-Sep,3,Not a Student with Disabilities,ACT composite score of 17 or higher,50.8
Charlotte-Mecklenburg Schools,600386,Hawthorne Academy of Health Sciences,'18-'19,Southwest,12-Sep,3,All Students,ACT composite score of 17 or higher,57.4
Charlotte-Mecklenburg Schools,600386,Hawthorne Academy of Health Sciences,'18-'19,Southwest,12-Sep,3,Female,ACT composite score of 17 or higher,62.2
Charlotte-Mecklenburg Schools,600386,Hawthorne Academy of Health Sciences,'18-'19,Southwest,12-Sep,3,Male,ACT composite score of 17 or higher,40
Charlotte-Mecklenburg Schools,600386,Hawthorne Academy of Health Sciences,'18-'19,Southwest,12-Sep,3,Black,ACT composite score of 17 or higher,50
Charlotte-Mecklenburg Schools,600386,Hawthorne Academy of Health Sciences,'18-'19,Southwest,12-Sep,3,Hispanic,ACT composite score of 17 or higher,53.8
Charlotte-Mecklenburg Schools,600386,Hawthorne Academy of Health Sciences,'18-'19,Southwest,12-Sep,3,Economically Disadvantaged,ACT composite score of 17 or higher,56.3
Charlotte-Mecklenburg Schools,600386,Hawthorne Academy of Health Sciences,'18-'19,Southwest,12-Sep,3,Not Economically Disadvantaged,ACT composite score of 17 or higher,58.1
Charlotte-Mecklenburg Schools,600386,Hawthorne Academy of Health Sciences,'18-'19,Southwest,12-Sep,3,Not a Student with Disabilities,ACT composite score of 17 or higher,57.4
Charlotte-Mecklenburg Schools,600397,Garinger High,'18-'19,Southwest,12-Sep,3,All Students,ACT composite score of 17 or higher,10.7
Charlotte-Mecklenburg Schools,600397,Garinger High,'18-'19,Southwest,12-Sep,3,Female,ACT composite score of 17 or higher,9.8
Charlotte-Mecklenburg Schools,600397,Garinger High,'18-'19,Southwest,12-Sep,3,Male,ACT composite score of 17 or higher,11.8
Charlotte-Mecklenburg Schools,600397,Garinger High,'18-'19,Southwest,12-Sep,3,Asian,ACT composite score of 17 or higher,11.4
Charlotte-Mecklenburg Schools,600397,Garinger High,'18-'19,Southwest,12-Sep,3,Black,ACT composite score of 17 or higher,7.6
Charlotte-Mecklenburg Schools,600397,Garinger High,'18-'19,Southwest,12-Sep,3,Hispanic,ACT composite score of 17 or higher,11.5
Charlotte-Mecklenburg Schools,600397,Garinger High,'18-'19,Southwest,12-Sep,3,White,ACT composite score of 17 or higher,7.1
Charlotte-Mecklenburg Schools,600397,Garinger High,'18-'19,Southwest,12-Sep,3,Economically Disadvantaged,ACT composite score of 17 or higher,8.6
Charlotte-Mecklenburg Schools,600397,Garinger High,'18-'19,Southwest,12-Sep,3,English Learner,ACT composite score of 17 or higher,5
Charlotte-Mecklenburg Schools,600397,Garinger High,'18-'19,Southwest,12-Sep,3,Students With Disabilities,ACT composite score of 17 or higher,5
Charlotte-Mecklenburg Schools,600397,Garinger High,'18-'19,Southwest,12-Sep,3,Not Economically Disadvantaged,ACT composite score of 17 or higher,12.4
Charlotte-Mecklenburg Schools,600397,Garinger High,'18-'19,Southwest,12-Sep,3,Not a Student with Disabilities,ACT composite score of 17 or higher,11.3
Charlotte-Mecklenburg Schools,600404,Harper Middle College High,'18-'19,Southwest,13-Nov,3,All Students,ACT composite score of 17 or higher,94.7
Charlotte-Mecklenburg Schools,600404,Harper Middle College High,'18-'19,Southwest,13-Nov,3,Female,ACT composite score of 17 or higher,95
Charlotte-Mecklenburg Schools,600404,Harper Middle College High,'18-'19,Southwest,13-Nov,3,Male,ACT composite score of 17 or higher,92.3
Charlotte-Mecklenburg Schools,600404,Harper Middle College High,'18-'19,Southwest,13-Nov,3,Black,ACT composite score of 17 or higher,95
Charlotte-Mecklenburg Schools,600404,Harper Middle College High,'18-'19,Southwest,13-Nov,3,Hispanic,ACT composite score of 17 or higher,92.3
Charlotte-Mecklenburg Schools,600404,Harper Middle College High,'18-'19,Southwest,13-Nov,3,White,ACT composite score of 17 or higher,90.9
Charlotte-Mecklenburg Schools,600404,Harper Middle College High,'18-'19,Southwest,13-Nov,3,Economically Disadvantaged,ACT composite score of 17 or higher,95
Charlotte-Mecklenburg Schools,600404,Harper Middle College High,'18-'19,Southwest,13-Nov,3,Academically or Intellectually Gifted,ACT composite score of 17 or higher,95
Charlotte-Mecklenburg Schools,600404,Harper Middle College High,'18-'19,Southwest,13-Nov,3,Not Economically Disadvantaged,ACT composite score of 17 or higher,92.7
Charlotte-Mecklenburg Schools,600404,Harper Middle College High,'18-'19,Southwest,13-Nov,3,Not a Student with Disabilities,ACT composite score of 17 or higher,94.5
Charlotte-Mecklenburg Schools,600405,Harding University High,'18-'19,Southwest,12-Sep,3,All Students,ACT composite score of 17 or higher,16.7
Charlotte-Mecklenburg Schools,600405,Harding University High,'18-'19,Southwest,12-Sep,3,Female,ACT composite score of 17 or higher,16.8
Charlotte-Mecklenburg Schools,600405,Harding University High,'18-'19,Southwest,12-Sep,3,Male,ACT composite score of 17 or higher,16.7
Charlotte-Mecklenburg Schools,600405,Harding University High,'18-'19,Southwest,12-Sep,3,Black,ACT composite score of 17 or higher,13.7
Charlotte-Mecklenburg Schools,600405,Harding University High,'18-'19,Southwest,12-Sep,3,Hispanic,ACT composite score of 17 or higher,17.3
Charlotte-Mecklenburg Schools,600405,Harding University High,'18-'19,Southwest,12-Sep,3,Economically Disadvantaged,ACT composite score of 17 or higher,15
Charlotte-Mecklenburg Schools,600405,Harding University High,'18-'19,Southwest,12-Sep,3,English Learner,ACT composite score of 17 or higher,7.7
Charlotte-Mecklenburg Schools,600405,Harding University High,'18-'19,Southwest,12-Sep,3,Students With Disabilities,ACT composite score of 17 or higher,5
Charlotte-Mecklenburg Schools,600405,Harding University High,'18-'19,Southwest,12-Sep,3,Homeless,ACT composite score of 17 or higher,5
Charlotte-Mecklenburg Schools,600405,Harding University High,'18-'19,Southwest,12-Sep,3,Not Economically Disadvantaged,ACT composite score of 17 or higher,18.5
Charlotte-Mecklenburg Schools,600405,Harding University High,'18-'19,Southwest,12-Sep,3,Not a Student with Disabilities,ACT composite score of 17 or higher,18.4
Charlotte-Mecklenburg Schools,600415,Hopewell High,'18-'19,Southwest,12-Sep,3,All Students,ACT composite score of 17 or higher,51
Charlotte-Mecklenburg Schools,600415,Hopewell High,'18-'19,Southwest,12-Sep,3,Female,ACT composite score of 17 or higher,48.9
Charlotte-Mecklenburg Schools,600415,Hopewell High,'18-'19,Southwest,12-Sep,3,Male,ACT composite score of 17 or higher,53
Charlotte-Mecklenburg Schools,600415,Hopewell High,'18-'19,Southwest,12-Sep,3,Asian,ACT composite score of 17 or higher,50
Charlotte-Mecklenburg Schools,600415,Hopewell High,'18-'19,Southwest,12-Sep,3,Black,ACT composite score of 17 or higher,35.5
Charlotte-Mecklenburg Schools,600415,Hopewell High,'18-'19,Southwest,12-Sep,3,Hispanic,ACT composite score of 17 or higher,39.3
Charlotte-Mecklenburg Schools,600415,Hopewell High,'18-'19,Southwest,12-Sep,3,Two or More Races,ACT composite score of 17 or higher,53.3
Charlotte-Mecklenburg Schools,600415,Hopewell High,'18-'19,Southwest,12-Sep,3,White,ACT composite score of 17 or higher,78.9
Charlotte-Mecklenburg Schools,600415,Hopewell High,'18-'19,Southwest,12-Sep,3,Economically Disadvantaged,ACT composite score of 17 or higher,37.9
Charlotte-Mecklenburg Schools,600415,Hopewell High,'18-'19,Southwest,12-Sep,3,English Learner,ACT composite score of 17 or higher,5
Charlotte-Mecklenburg Schools,600415,Hopewell High,'18-'19,Southwest,12-Sep,3,Students With Disabilities,ACT composite score of 17 or higher,23.3
Charlotte-Mecklenburg Schools,600415,Hopewell High,'18-'19,Southwest,12-Sep,3,Academically or Intellectually Gifted,ACT composite score of 17 or higher,95
Charlotte-Mecklenburg Schools,600415,Hopewell High,'18-'19,Southwest,12-Sep,3,Not Economically Disadvantaged,ACT composite score of 17 or higher,59.5
Charlotte-Mecklenburg Schools,600415,Hopewell High,'18-'19,Southwest,12-Sep,3,Not a Student with Disabilities,ACT composite score of 17 or higher,53.4
Charlotte-Mecklenburg Schools,600426,Independence High,'18-'19,Southwest,12-Sep,3,All Students,ACT composite score of 17 or higher,50.2
Charlotte-Mecklenburg Schools,600426,Independence High,'18-'19,Southwest,12-Sep,3,Female,ACT composite score of 17 or higher,55.9
Charlotte-Mecklenburg Schools,600426,Independence High,'18-'19,Southwest,12-Sep,3,Male,ACT composite score of 17 or higher,44.5
Charlotte-Mecklenburg Schools,600426,Independence High,'18-'19,Southwest,12-Sep,3,Asian,ACT composite score of 17 or higher,50
Charlotte-Mecklenburg Schools,600426,Independence High,'18-'19,Southwest,12-Sep,3,Black,ACT composite score of 17 or higher,38
Charlotte-Mecklenburg Schools,600426,Independence High,'18-'19,Southwest,12-Sep,3,Hispanic,ACT composite score of 17 or higher,36.8
Charlotte-Mecklenburg Schools,600426,Independence High,'18-'19,Southwest,12-Sep,3,Two or More Races,ACT composite score of 17 or higher,71.4
Charlotte-Mecklenburg Schools,600426,Independence High,'18-'19,Southwest,12-Sep,3,White,ACT composite score of 17 or higher,76.3
Charlotte-Mecklenburg Schools,600426,Independence High,'18-'19,Southwest,12-Sep,3,Economically Disadvantaged,ACT composite score of 17 or higher,36.9
Charlotte-Mecklenburg Schools,600426,Independence High,'18-'19,Southwest,12-Sep,3,English Learner,ACT composite score of 17 or higher,9.8
Charlotte-Mecklenburg Schools,600426,Independence High,'18-'19,Southwest,12-Sep,3,Students With Disabilities,ACT composite score of 17 or higher,15.2
Charlotte-Mecklenburg Schools,600426,Independence High,'18-'19,Southwest,12-Sep,3,Academically or Intellectually Gifted,ACT composite score of 17 or higher,95
Charlotte-Mecklenburg Schools,600426,Independence High,'18-'19,Southwest,12-Sep,3,Homeless,ACT composite score of 17 or higher,26.7
Charlotte-Mecklenburg Schools,600426,Independence High,'18-'19,Southwest,12-Sep,3,Not Economically Disadvantaged,ACT composite score of 17 or higher,64.5
Charlotte-Mecklenburg Schools,600426,Independence High,'18-'19,Southwest,12-Sep,3,Not a Student with Disabilities,ACT composite score of 17 or higher,52.8
Charlotte-Mecklenburg Schools,600443,Levine Middle College High,'18-'19,Southwest,13-Nov,3,All Students,ACT composite score of 17 or higher,95
Charlotte-Mecklenburg Schools,600443,Levine Middle College High,'18-'19,Southwest,13-Nov,3,Female,ACT composite score of 17 or higher,95
Charlotte-Mecklenburg Schools,600443,Levine Middle College High,'18-'19,Southwest,13-Nov,3,Male,ACT composite score of 17 or higher,94.4
Charlotte-Mecklenburg Schools,600443,Levine Middle College High,'18-'19,Southwest,13-Nov,3,Asian,ACT composite score of 17 or higher,80
Charlotte-Mecklenburg Schools,600443,Levine Middle College High,'18-'19,Southwest,13-Nov,3,Black,ACT composite score of 17 or higher,95
Charlotte-Mecklenburg Schools,600443,Levine Middle College High,'18-'19,Southwest,13-Nov,3,White,ACT composite score of 17 or higher,95
Charlotte-Mecklenburg Schools,600443,Levine Middle College High,'18-'19,Southwest,13-Nov,3,Academically or Intellectually Gifted,ACT composite score of 17 or higher,95
Charlotte-Mecklenburg Schools,600443,Levine Middle College High,'18-'19,Southwest,13-Nov,3,Not Economically Disadvantaged,ACT composite score of 17 or higher,95
Charlotte-Mecklenburg Schools,600443,Levine Middle College High,'18-'19,Southwest,13-Nov,3,Not a Student with Disabilities,ACT composite score of 17 or higher,95
Charlotte-Mecklenburg Schools,600445,Mallard Creek High,'18-'19,Southwest,12-Sep,3,All Students,ACT composite score of 17 or higher,51.4
Charlotte-Mecklenburg Schools,600445,Mallard Creek High,'18-'19,Southwest,12-Sep,3,Female,ACT composite score of 17 or higher,53.5
Charlotte-Mecklenburg Schools,600445,Mallard Creek High,'18-'19,Southwest,12-Sep,3,Male,ACT composite score of 17 or higher,49.3
Charlotte-Mecklenburg Schools,600445,Mallard Creek High,'18-'19,Southwest,12-Sep,3,Asian,ACT composite score of 17 or higher,90
Charlotte-Mecklenburg Schools,600445,Mallard Creek High,'18-'19,Southwest,12-Sep,3,Black,ACT composite score of 17 or higher,40.3
Charlotte-Mecklenburg Schools,600445,Mallard Creek High,'18-'19,Southwest,12-Sep,3,Hispanic,ACT composite score of 17 or higher,46.4
Charlotte-Mecklenburg Schools,600445,Mallard Creek High,'18-'19,Southwest,12-Sep,3,Two or More Races,ACT composite score of 17 or higher,56
Charlotte-Mecklenburg Schools,600445,Mallard Creek High,'18-'19,Southwest,12-Sep,3,White,ACT composite score of 17 or higher,82
Charlotte-Mecklenburg Schools,600445,Mallard Creek High,'18-'19,Southwest,12-Sep,3,Economically Disadvantaged,ACT composite score of 17 or higher,38
Charlotte-Mecklenburg Schools,600445,Mallard Creek High,'18-'19,Southwest,12-Sep,3,English Learner,ACT composite score of 17 or higher,8
Charlotte-Mecklenburg Schools,600445,Mallard Creek High,'18-'19,Southwest,12-Sep,3,Students With Disabilities,ACT composite score of 17 or higher,11.8
Charlotte-Mecklenburg Schools,600445,Mallard Creek High,'18-'19,Southwest,12-Sep,3,Academically or Intellectually Gifted,ACT composite score of 17 or higher,95
Charlotte-Mecklenburg Schools,600445,Mallard Creek High,'18-'19,Southwest,12-Sep,3,Not Economically Disadvantaged,ACT composite score of 17 or higher,58.3
Charlotte-Mecklenburg Schools,600445,Mallard Creek High,'18-'19,Southwest,12-Sep,3,Not a Student with Disabilities,ACT composite score of 17 or higher,54
Charlotte-Mecklenburg Schools,600457,Rocky River High,'18-'19,Southwest,12-Sep,3,All Students,ACT composite score of 17 or higher,17
Charlotte-Mecklenburg Schools,600457,Rocky River High,'18-'19,Southwest,12-Sep,3,Female,ACT composite score of 17 or higher,15.1
Charlotte-Mecklenburg Schools,600457,Rocky River High,'18-'19,Southwest,12-Sep,3,Male,ACT composite score of 17 or higher,19.2
Charlotte-Mecklenburg Schools,600457,Rocky River High,'18-'19,Southwest,12-Sep,3,Asian,ACT composite score of 17 or higher,46.2
Charlotte-Mecklenburg Schools,600457,Rocky River High,'18-'19,Southwest,12-Sep,3,Black,ACT composite score of 17 or higher,13.4
Charlotte-Mecklenburg Schools,600457,Rocky River High,'18-'19,Southwest,12-Sep,3,Hispanic,ACT composite score of 17 or higher,20
Charlotte-Mecklenburg Schools,600457,Rocky River High,'18-'19,Southwest,12-Sep,3,White,ACT composite score of 17 or higher,20
Charlotte-Mecklenburg Schools,600457,Rocky River High,'18-'19,Southwest,12-Sep,3,Economically Disadvantaged,ACT composite score of 17 or higher,17.5
Charlotte-Mecklenburg Schools,600457,Rocky River High,'18-'19,Southwest,12-Sep,3,English Learner,ACT composite score of 17 or higher,5
Charlotte-Mecklenburg Schools,600457,Rocky River High,'18-'19,Southwest,12-Sep,3,Students With Disabilities,ACT composite score of 17 or higher,5
Charlotte-Mecklenburg Schools,600457,Rocky River High,'18-'19,Southwest,12-Sep,3,Not Economically Disadvantaged,ACT composite score of 17 or higher,16.4
Charlotte-Mecklenburg Schools,600457,Rocky River High,'18-'19,Southwest,12-Sep,3,Not a Student with Disabilities,ACT composite score of 17 or higher,17.9
Charlotte-Mecklenburg Schools,600466,Myers Park High,'18-'19,Southwest,12-Sep,3,All Students,ACT composite score of 17 or higher,76.3
Charlotte-Mecklenburg Schools,600466,Myers Park High,'18-'19,Southwest,12-Sep,3,Female,ACT composite score of 17 or higher,77.4
Charlotte-Mecklenburg Schools,600466,Myers Park High,'18-'19,Southwest,12-Sep,3,Male,ACT composite score of 17 or higher,75.2
Charlotte-Mecklenburg Schools,600466,Myers Park High,'18-'19,Southwest,12-Sep,3,Asian,ACT composite score of 17 or higher,86.4
Charlotte-Mecklenburg Schools,600466,Myers Park High,'18-'19,Southwest,12-Sep,3,Black,ACT composite score of 17 or higher,31.9
Charlotte-Mecklenburg Schools,600466,Myers Park High,'18-'19,Southwest,12-Sep,3,Hispanic,ACT composite score of 17 or higher,42.2
Charlotte-Mecklenburg Schools,600466,Myers Park High,'18-'19,Southwest,12-Sep,3,Two or More Races,ACT composite score of 17 or higher,95
Charlotte-Mecklenburg Schools,600466,Myers Park High,'18-'19,Southwest,12-Sep,3,White,ACT composite score of 17 or higher,90.1
Charlotte-Mecklenburg Schools,600466,Myers Park High,'18-'19,Southwest,12-Sep,3,Economically Disadvantaged,ACT composite score of 17 or higher,31.4
Charlotte-Mecklenburg Schools,600466,Myers Park High,'18-'19,Southwest,12-Sep,3,English Learner,ACT composite score of 17 or higher,14.3
Charlotte-Mecklenburg Schools,600466,Myers Park High,'18-'19,Southwest,12-Sep,3,Students With Disabilities,ACT composite score of 17 or higher,22.7
Charlotte-Mecklenburg Schools,600466,Myers Park High,'18-'19,Southwest,12-Sep,3,Academically or Intellectually Gifted,ACT composite score of 17 or higher,95
Charlotte-Mecklenburg Schools,600466,Myers Park High,'18-'19,Southwest,12-Sep,3,Homeless,ACT composite score of 17 or higher,16.7
Charlotte-Mecklenburg Schools,600466,Myers Park High,'18-'19,Southwest,12-Sep,3,Not Economically Disadvantaged,ACT composite score of 17 or higher,85.4
Charlotte-Mecklenburg Schools,600466,Myers Park High,'18-'19,Southwest,12-Sep,3,Not a Student with Disabilities,ACT composite score of 17 or higher,78.1
Charlotte-Mecklenburg Schools,600480,North Mecklenburg High,'18-'19,Southwest,12-Sep,3,All Students,ACT composite score of 17 or higher,43
Charlotte-Mecklenburg Schools,600480,North Mecklenburg High,'18-'19,Southwest,12-Sep,3,Female,ACT composite score of 17 or higher,45.3
Charlotte-Mecklenburg Schools,600480,North Mecklenburg High,'18-'19,Southwest,12-Sep,3,Male,ACT composite score of 17 or higher,40.2
Charlotte-Mecklenburg Schools,600480,North Mecklenburg High,'18-'19,Southwest,12-Sep,3,Asian,ACT composite score of 17 or higher,83.3
Charlotte-Mecklenburg Schools,600480,North Mecklenburg High,'18-'19,Southwest,12-Sep,3,Black,ACT composite score of 17 or higher,34.4
Charlotte-Mecklenburg Schools,600480,North Mecklenburg High,'18-'19,Southwest,12-Sep,3,Hispanic,ACT composite score of 17 or higher,45.7
Charlotte-Mecklenburg Schools,600480,North Mecklenburg High,'18-'19,Southwest,12-Sep,3,Two or More Races,ACT composite score of 17 or higher,53.3
Charlotte-Mecklenburg Schools,600480,North Mecklenburg High,'18-'19,Southwest,12-Sep,3,White,ACT composite score of 17 or higher,76.5
Charlotte-Mecklenburg Schools,600480,North Mecklenburg High,'18-'19,Southwest,12-Sep,3,Economically Disadvantaged,ACT composite score of 17 or higher,33.9
Charlotte-Mecklenburg Schools,600480,North Mecklenburg High,'18-'19,Southwest,12-Sep,3,English Learner,ACT composite score of 17 or higher,10.5
Charlotte-Mecklenburg Schools,600480,North Mecklenburg High,'18-'19,Southwest,12-Sep,3,Students With Disabilities,ACT composite score of 17 or higher,8.8
Charlotte-Mecklenburg Schools,600480,North Mecklenburg High,'18-'19,Southwest,12-Sep,3,Academically or Intellectually Gifted,ACT composite score of 17 or higher,95
Charlotte-Mecklenburg Schools,600480,North Mecklenburg High,'18-'19,Southwest,12-Sep,3,Not Economically Disadvantaged,ACT composite score of 17 or higher,52.2
Charlotte-Mecklenburg Schools,600480,North Mecklenburg High,'18-'19,Southwest,12-Sep,3,Not a Student with Disabilities,ACT composite score of 17 or higher,45.7
Charlotte-Mecklenburg Schools,600482,Northwest School of the Arts,'18-'19,Southwest,12-Jun,3,All Students,ACT composite score of 17 or higher,71.7
Charlotte-Mecklenburg Schools,600482,Northwest School of the Arts,'18-'19,Southwest,12-Jun,3,Female,ACT composite score of 17 or higher,70.6
Charlotte-Mecklenburg Schools,600482,Northwest School of the Arts,'18-'19,Southwest,12-Jun,3,Male,ACT composite score of 17 or higher,75
Charlotte-Mecklenburg Schools,600482,Northwest School of the Arts,'18-'19,Southwest,12-Jun,3,Black,ACT composite score of 17 or higher,54.1
Charlotte-Mecklenburg Schools,600482,Northwest School of the Arts,'18-'19,Southwest,12-Jun,3,Hispanic,ACT composite score of 17 or higher,66.7
Charlotte-Mecklenburg Schools,600482,Northwest School of the Arts,'18-'19,Southwest,12-Jun,3,White,ACT composite score of 17 or higher,89.3
Charlotte-Mecklenburg Schools,600482,Northwest School of the Arts,'18-'19,Southwest,12-Jun,3,Economically Disadvantaged,ACT composite score of 17 or higher,61.1
Charlotte-Mecklenburg Schools,600482,Northwest School of the Arts,'18-'19,Southwest,12-Jun,3,Academically or Intellectually Gifted,ACT composite score of 17 or higher,95
Charlotte-Mecklenburg Schools,600482,Northwest School of the Arts,'18-'19,Southwest,12-Jun,3,Not Economically Disadvantaged,ACT composite score of 17 or higher,75.5
Charlotte-Mecklenburg Schools,600482,Northwest School of the Arts,'18-'19,Southwest,12-Jun,3,Not a Student with Disabilities,ACT composite score of 17 or higher,73.7
Charlotte-Mecklenburg Schools,600490,Olympic High,'18-'19,Southwest,12-Sep,3,All Students,ACT composite score of 17 or higher,40.1
Charlotte-Mecklenburg Schools,600490,Olympic High,'18-'19,Southwest,12-Sep,3,Female,ACT composite score of 17 or higher,44.7
Charlotte-Mecklenburg Schools,600490,Olympic High,'18-'19,Southwest,12-Sep,3,Male,ACT composite score of 17 or higher,35.9
Charlotte-Mecklenburg Schools,600490,Olympic High,'18-'19,Southwest,12-Sep,3,Asian,ACT composite score of 17 or higher,65.6
Charlotte-Mecklenburg Schools,600490,Olympic High,'18-'19,Southwest,12-Sep,3,Black,ACT composite score of 17 or higher,33.1
Charlotte-Mecklenburg Schools,600490,Olympic High,'18-'19,Southwest,12-Sep,3,Hispanic,ACT composite score of 17 or higher,27.9
Charlotte-Mecklenburg Schools,600490,Olympic High,'18-'19,Southwest,12-Sep,3,Two or More Races,ACT composite score of 17 or higher,45.5
Charlotte-Mecklenburg Schools,600490,Olympic High,'18-'19,Southwest,12-Sep,3,White,ACT composite score of 17 or higher,66.3
Charlotte-Mecklenburg Schools,600490,Olympic High,'18-'19,Southwest,12-Sep,3,Economically Disadvantaged,ACT composite score of 17 or higher,28.9
Charlotte-Mecklenburg Schools,600490,Olympic High,'18-'19,Southwest,12-Sep,3,English Learner,ACT composite score of 17 or higher,10.4
Charlotte-Mecklenburg Schools,600490,Olympic High,'18-'19,Southwest,12-Sep,3,Students With Disabilities,ACT composite score of 17 or higher,7.7
Charlotte-Mecklenburg Schools,600490,Olympic High,'18-'19,Southwest,12-Sep,3,Academically or Intellectually Gifted,ACT composite score of 17 or higher,94.1
Charlotte-Mecklenburg Schools,600490,Olympic High,'18-'19,Southwest,12-Sep,3,Not Economically Disadvantaged,ACT composite score of 17 or higher,49.2
Charlotte-Mecklenburg Schools,600490,Olympic High,'18-'19,Southwest,12-Sep,3,Not a Student with Disabilities,ACT composite score of 17 or higher,41.7
Charlotte-Mecklenburg Schools,600496,Phillip O Berry Academy of Technology,'18-'19,Southwest,12-Sep,3,All Students,ACT composite score of 17 or higher,57.7
Charlotte-Mecklenburg Schools,600496,Phillip O Berry Academy of Technology,'18-'19,Southwest,12-Sep,3,Female,ACT composite score of 17 or higher,63.5
Charlotte-Mecklenburg Schools,600496,Phillip O Berry Academy of Technology,'18-'19,Southwest,12-Sep,3,Male,ACT composite score of 17 or higher,50.9
Charlotte-Mecklenburg Schools,600496,Phillip O Berry Academy of Technology,'18-'19,Southwest,12-Sep,3,Asian,ACT composite score of 17 or higher,82.4
Charlotte-Mecklenburg Schools,600496,Phillip O Berry Academy of Technology,'18-'19,Southwest,12-Sep,3,Black,ACT composite score of 17 or higher,56.2
Charlotte-Mecklenburg Schools,600496,Phillip O Berry Academy of Technology,'18-'19,Southwest,12-Sep,3,Hispanic,ACT composite score of 17 or higher,54.2
Charlotte-Mecklenburg Schools,600496,Phillip O Berry Academy of Technology,'18-'19,Southwest,12-Sep,3,Economically Disadvantaged,ACT composite score of 17 or higher,54.9
Charlotte-Mecklenburg Schools,600496,Phillip O Berry Academy of Technology,'18-'19,Southwest,12-Sep,3,Students With Disabilities,ACT composite score of 17 or higher,50
Charlotte-Mecklenburg Schools,600496,Phillip O Berry Academy of Technology,'18-'19,Southwest,12-Sep,3,Academically or Intellectually Gifted,ACT composite score of 17 or higher,84.2
Charlotte-Mecklenburg Schools,600496,Phillip O Berry Academy of Technology,'18-'19,Southwest,12-Sep,3,Not Economically Disadvantaged,ACT composite score of 17 or higher,61.1
Charlotte-Mecklenburg Schools,600496,Phillip O Berry Academy of Technology,'18-'19,Southwest,12-Sep,3,Not a Student with Disabilities,ACT composite score of 17 or higher,57.9
Charlotte-Mecklenburg Schools,600498,Performance Learning Center,'18-'19,Southwest,12-Sep,3,All Students,ACT composite score of 17 or higher,17.4
Charlotte-Mecklenburg Schools,600498,Performance Learning Center,'18-'19,Southwest,12-Sep,3,Female,ACT composite score of 17 or higher,13.3
Charlotte-Mecklenburg Schools,600498,Performance Learning Center,'18-'19,Southwest,12-Sep,3,Black,ACT composite score of 17 or higher,20
Charlotte-Mecklenburg Schools,600498,Performance Learning Center,'18-'19,Southwest,12-Sep,3,Not Economically Disadvantaged,ACT composite score of 17 or higher,28.6
Charlotte-Mecklenburg Schools,600498,Performance Learning Center,'18-'19,Southwest,12-Sep,3,Not a Student with Disabilities,ACT composite score of 17 or higher,20
Charlotte-Mecklenburg Schools,600499,Charlotte-Mecklenburg Virtual HS,'18-'19,Southwest,12-Sep,3,All Students,ACT composite score of 17 or higher,67.5
Charlotte-Mecklenburg Schools,600499,Charlotte-Mecklenburg Virtual HS,'18-'19,Southwest,12-Sep,3,Female,ACT composite score of 17 or higher,72.1
Charlotte-Mecklenburg Schools,600499,Charlotte-Mecklenburg Virtual HS,'18-'19,Southwest,12-Sep,3,Male,ACT composite score of 17 or higher,61.8
Charlotte-Mecklenburg Schools,600499,Charlotte-Mecklenburg Virtual HS,'18-'19,Southwest,12-Sep,3,Black,ACT composite score of 17 or higher,59.1
Charlotte-Mecklenburg Schools,600499,Charlotte-Mecklenburg Virtual HS,'18-'19,Southwest,12-Sep,3,White,ACT composite score of 17 or higher,73.2
Charlotte-Mecklenburg Schools,600499,Charlotte-Mecklenburg Virtual HS,'18-'19,Southwest,12-Sep,3,Economically Disadvantaged,ACT composite score of 17 or higher,62.5
Charlotte-Mecklenburg Schools,600499,Charlotte-Mecklenburg Virtual HS,'18-'19,Southwest,12-Sep,3,Academically or Intellectually Gifted,ACT composite score of 17 or higher,95
Charlotte-Mecklenburg Schools,600499,Charlotte-Mecklenburg Virtual HS,'18-'19,Southwest,12-Sep,3,Not Economically Disadvantaged,ACT composite score of 17 or higher,68.9
Charlotte-Mecklenburg Schools,600499,Charlotte-Mecklenburg Virtual HS,'18-'19,Southwest,12-Sep,3,Not a Student with Disabilities,ACT composite score of 17 or higher,69.9
Charlotte-Mecklenburg Schools,600508,Providence High,'18-'19,Southwest,12-Sep,3,All Students,ACT composite score of 17 or higher,92.7
Charlotte-Mecklenburg Schools,600508,Providence High,'18-'19,Southwest,12-Sep,3,Female,ACT composite score of 17 or higher,93.5
Charlotte-Mecklenburg Schools,600508,Providence High,'18-'19,Southwest,12-Sep,3,Male,ACT composite score of 17 or higher,91.8
Charlotte-Mecklenburg Schools,600508,Providence High,'18-'19,Southwest,12-Sep,3,Asian,ACT composite score of 17 or higher,89.6
Charlotte-Mecklenburg Schools,600508,Providence High,'18-'19,Southwest,12-Sep,3,Black,ACT composite score of 17 or higher,85.7
Charlotte-Mecklenburg Schools,600508,Providence High,'18-'19,Southwest,12-Sep,3,Hispanic,ACT composite score of 17 or higher,85.7
Charlotte-Mecklenburg Schools,600508,Providence High,'18-'19,Southwest,12-Sep,3,Two or More Races,ACT composite score of 17 or higher,90
Charlotte-Mecklenburg Schools,600508,Providence High,'18-'19,Southwest,12-Sep,3,White,ACT composite score of 17 or higher,94.7
Charlotte-Mecklenburg Schools,600508,Providence High,'18-'19,Southwest,12-Sep,3,Economically Disadvantaged,ACT composite score of 17 or higher,82.6
Charlotte-Mecklenburg Schools,600508,Providence High,'18-'19,Southwest,12-Sep,3,English Learner,ACT composite score of 17 or higher,50
Charlotte-Mecklenburg Schools,600508,Providence High,'18-'19,Southwest,12-Sep,3,Students With Disabilities,ACT composite score of 17 or higher,36.4
Charlotte-Mecklenburg Schools,600508,Providence High,'18-'19,Southwest,12-Sep,3,Academically or Intellectually Gifted,ACT composite score of 17 or higher,95
Charlotte-Mecklenburg Schools,600508,Providence High,'18-'19,Southwest,12-Sep,3,Not Economically Disadvantaged,ACT composite score of 17 or higher,93.2
Charlotte-Mecklenburg Schools,600508,Providence High,'18-'19,Southwest,12-Sep,3,Not a Student with Disabilities,ACT composite score of 17 or higher,94.2
Charlotte-Mecklenburg Schools,600535,South Mecklenburg High,'18-'19,Southwest,12-Sep,3,All Students,ACT composite score of 17 or higher,57.9
Charlotte-Mecklenburg Schools,600535,South Mecklenburg High,'18-'19,Southwest,12-Sep,3,Female,ACT composite score of 17 or higher,57.1
Charlotte-Mecklenburg Schools,600535,South Mecklenburg High,'18-'19,Southwest,12-Sep,3,Male,ACT composite score of 17 or higher,58.9
Charlotte-Mecklenburg Schools,600535,South Mecklenburg High,'18-'19,Southwest,12-Sep,3,Asian,ACT composite score of 17 or higher,75
Charlotte-Mecklenburg Schools,600535,South Mecklenburg High,'18-'19,Southwest,12-Sep,3,Black,ACT composite score of 17 or higher,40.6
Charlotte-Mecklenburg Schools,600535,South Mecklenburg High,'18-'19,Southwest,12-Sep,3,Hispanic,ACT composite score of 17 or higher,37.7
Charlotte-Mecklenburg Schools,600535,South Mecklenburg High,'18-'19,Southwest,12-Sep,3,Two or More Races,ACT composite score of 17 or higher,61.1
Charlotte-Mecklenburg Schools,600535,South Mecklenburg High,'18-'19,Southwest,12-Sep,3,White,ACT composite score of 17 or higher,85.5
Charlotte-Mecklenburg Schools,600535,South Mecklenburg High,'18-'19,Southwest,12-Sep,3,Economically Disadvantaged,ACT composite score of 17 or higher,33.6
Charlotte-Mecklenburg Schools,600535,South Mecklenburg High,'18-'19,Southwest,12-Sep,3,English Learner,ACT composite score of 17 or higher,6.8
Charlotte-Mecklenburg Schools,600535,South Mecklenburg High,'18-'19,Southwest,12-Sep,3,Students With Disabilities,ACT composite score of 17 or higher,13.3
Charlotte-Mecklenburg Schools,600535,South Mecklenburg High,'18-'19,Southwest,12-Sep,3,Academically or Intellectually Gifted,ACT composite score of 17 or higher,95
Charlotte-Mecklenburg Schools,600535,South Mecklenburg High,'18-'19,Southwest,12-Sep,3,Not Economically Disadvantaged,ACT composite score of 17 or higher,72.8
Charlotte-Mecklenburg Schools,600535,South Mecklenburg High,'18-'19,Southwest,12-Sep,3,Not a Student with Disabilities,ACT composite score of 17 or higher,60
Charlotte-Mecklenburg Schools,600567,Charlotte Engineering Early College-UNCC,'18-'19,Southwest,13-Sep,3,All Students,ACT composite score of 17 or higher,82.5
Charlotte-Mecklenburg Schools,600567,Charlotte Engineering Early College-UNCC,'18-'19,Southwest,13-Sep,3,Female,ACT composite score of 17 or higher,84.1
Charlotte-Mecklenburg Schools,600567,Charlotte Engineering Early College-UNCC,'18-'19,Southwest,13-Sep,3,Male,ACT composite score of 17 or higher,80.6
Charlotte-Mecklenburg Schools,600567,Charlotte Engineering Early College-UNCC,'18-'19,Southwest,13-Sep,3,Asian,ACT composite score of 17 or higher,70
Charlotte-Mecklenburg Schools,600567,Charlotte Engineering Early College-UNCC,'18-'19,Southwest,13-Sep,3,Black,ACT composite score of 17 or higher,83.9
Charlotte-Mecklenburg Schools,600567,Charlotte Engineering Early College-UNCC,'18-'19,Southwest,13-Sep,3,Hispanic,ACT composite score of 17 or higher,70
Charlotte-Mecklenburg Schools,600567,Charlotte Engineering Early College-UNCC,'18-'19,Southwest,13-Sep,3,White,ACT composite score of 17 or higher,95
Charlotte-Mecklenburg Schools,600567,Charlotte Engineering Early College-UNCC,'18-'19,Southwest,13-Sep,3,Economically Disadvantaged,ACT composite score of 17 or higher,69.6
Charlotte-Mecklenburg Schools,600567,Charlotte Engineering Early College-UNCC,'18-'19,Southwest,13-Sep,3,Academically or Intellectually Gifted,ACT composite score of 17 or higher,95
Charlotte-Mecklenburg Schools,600567,Charlotte Engineering Early College-UNCC,'18-'19,Southwest,13-Sep,3,Not Economically Disadvantaged,ACT composite score of 17 or higher,87.7
Charlotte-Mecklenburg Schools,600567,Charlotte Engineering Early College-UNCC,'18-'19,Southwest,13-Sep,3,Not a Student with Disabilities,ACT composite score of 17 or higher,82.3
Charlotte-Mecklenburg Schools,600576,West Charlotte High,'18-'19,Southwest,12-Sep,3,All Students,ACT composite score of 17 or higher,17.3
Charlotte-Mecklenburg Schools,600576,West Charlotte High,'18-'19,Southwest,12-Sep,3,Female,ACT composite score of 17 or higher,23.3
Charlotte-Mecklenburg Schools,600576,West Charlotte High,'18-'19,Southwest,12-Sep,3,Male,ACT composite score of 17 or higher,10.8
Charlotte-Mecklenburg Schools,600576,West Charlotte High,'18-'19,Southwest,12-Sep,3,Black,ACT composite score of 17 or higher,16.3
Charlotte-Mecklenburg Schools,600576,West Charlotte High,'18-'19,Southwest,12-Sep,3,Hispanic,ACT composite score of 17 or higher,26.1
Charlotte-Mecklenburg Schools,600576,West Charlotte High,'18-'19,Southwest,12-Sep,3,Economically Disadvantaged,ACT composite score of 17 or higher,17.4
Charlotte-Mecklenburg Schools,600576,West Charlotte High,'18-'19,Southwest,12-Sep,3,English Learner,ACT composite score of 17 or higher,5
Charlotte-Mecklenburg Schools,600576,West Charlotte High,'18-'19,Southwest,12-Sep,3,Students With Disabilities,ACT composite score of 17 or higher,5
Charlotte-Mecklenburg Schools,600576,West Charlotte High,'18-'19,Southwest,12-Sep,3,Homeless,ACT composite score of 17 or higher,20
Charlotte-Mecklenburg Schools,600576,West Charlotte High,'18-'19,Southwest,12-Sep,3,Not Economically Disadvantaged,ACT composite score of 17 or higher,17.2
Charlotte-Mecklenburg Schools,600576,West Charlotte High,'18-'19,Southwest,12-Sep,3,Not a Student with Disabilities,ACT composite score of 17 or higher,19.2
Charlotte-Mecklenburg Schools,600579,West Mecklenburg High,'18-'19,Southwest,12-Sep,3,All Students,ACT composite score of 17 or higher,21.6
Charlotte-Mecklenburg Schools,600579,West Mecklenburg High,'18-'19,Southwest,12-Sep,3,Female,ACT composite score of 17 or higher,24.6
Charlotte-Mecklenburg Schools,600579,West Mecklenburg High,'18-'19,Southwest,12-Sep,3,Male,ACT composite score of 17 or higher,19.2
Charlotte-Mecklenburg Schools,600579,West Mecklenburg High,'18-'19,Southwest,12-Sep,3,Asian,ACT composite score of 17 or higher,30
Charlotte-Mecklenburg Schools,600579,West Mecklenburg High,'18-'19,Southwest,12-Sep,3,Black,ACT composite score of 17 or higher,17.8
Charlotte-Mecklenburg Schools,600579,West Mecklenburg High,'18-'19,Southwest,12-Sep,3,Hispanic,ACT composite score of 17 or higher,16.4
Charlotte-Mecklenburg Schools,600579,West Mecklenburg High,'18-'19,Southwest,12-Sep,3,Two or More Races,ACT composite score of 17 or higher,23.1
Charlotte-Mecklenburg Schools,600579,West Mecklenburg High,'18-'19,Southwest,12-Sep,3,White,ACT composite score of 17 or higher,46.4
Charlotte-Mecklenburg Schools,600579,West Mecklenburg High,'18-'19,Southwest,12-Sep,3,Economically Disadvantaged,ACT composite score of 17 or higher,19.8
Charlotte-Mecklenburg Schools,600579,West Mecklenburg High,'18-'19,Southwest,12-Sep,3,English Learner,ACT composite score of 17 or higher,5
Charlotte-Mecklenburg Schools,600579,West Mecklenburg High,'18-'19,Southwest,12-Sep,3,Students With Disabilities,ACT composite score of 17 or higher,5
Charlotte-Mecklenburg Schools,600579,West Mecklenburg High,'18-'19,Southwest,12-Sep,3,Not Economically Disadvantaged,ACT composite score of 17 or higher,22.5
Charlotte-Mecklenburg Schools,600579,West Mecklenburg High,'18-'19,Southwest,12-Sep,3,Not a Student with Disabilities,ACT composite score of 17 or higher,23.2
Charlotte-Mecklenburg Schools,600582,J T Williams Secondary Montessori,'18-'19,Southwest,12-Jul,3,All Students,ACT composite score of 17 or higher,84.6
Charlotte-Mecklenburg Schools,600582,J T Williams Secondary Montessori,'18-'19,Southwest,12-Jul,3,Not Economically Disadvantaged,ACT composite score of 17 or higher,81.8
Charlotte-Mecklenburg Schools,600582,J T Williams Secondary Montessori,'18-'19,Southwest,12-Jul,3,Not a Student with Disabilities,ACT composite score of 17 or higher,84.6
Charlotte-Mecklenburg Schools,600592,Vance High,'18-'19,Southwest,12-Sep,3,All Students,ACT composite score of 17 or higher,20.6
Charlotte-Mecklenburg Schools,600592,Vance High,'18-'19,Southwest,12-Sep,3,Female,ACT composite score of 17 or higher,25.7
Charlotte-Mecklenburg Schools,600592,Vance High,'18-'19,Southwest,12-Sep,3,Male,ACT composite score of 17 or higher,15.5
Charlotte-Mecklenburg Schools,600592,Vance High,'18-'19,Southwest,12-Sep,3,Black,ACT composite score of 17 or higher,23
Charlotte-Mecklenburg Schools,600592,Vance High,'18-'19,Southwest,12-Sep,3,Hispanic,ACT composite score of 17 or higher,15.9
Charlotte-Mecklenburg Schools,600592,Vance High,'18-'19,Southwest,12-Sep,3,Two or More Races,ACT composite score of 17 or higher,40
Charlotte-Mecklenburg Schools,600592,Vance High,'18-'19,Southwest,12-Sep,3,Economically Disadvantaged,ACT composite score of 17 or higher,19.3
Charlotte-Mecklenburg Schools,600592,Vance High,'18-'19,Southwest,12-Sep,3,English Learner,ACT composite score of 17 or higher,5.9
Charlotte-Mecklenburg Schools,600592,Vance High,'18-'19,Southwest,12-Sep,3,Students With Disabilities,ACT composite score of 17 or higher,5
Charlotte-Mecklenburg Schools,600592,Vance High,'18-'19,Southwest,12-Sep,3,Homeless,ACT composite score of 17 or higher,23.5
Charlotte-Mecklenburg Schools,600592,Vance High,'18-'19,Southwest,12-Sep,3,Not Economically Disadvantaged,ACT composite score of 17 or higher,21.4
Charlotte-Mecklenburg Schools,600592,Vance High,'18-'19,Southwest,12-Sep,3,Not a Student with Disabilities,ACT composite score of 17 or higher,22.1
Charlotte-Mecklenburg Schools,600594,Merancas Middle College High,'18-'19,Southwest,13-Nov,3,All Students,ACT composite score of 17 or higher,89.1
Charlotte-Mecklenburg Schools,600594,Merancas Middle College High,'18-'19,Southwest,13-Nov,3,Female,ACT composite score of 17 or higher,89.7
Charlotte-Mecklenburg Schools,600594,Merancas Middle College High,'18-'19,Southwest,13-Nov,3,Male,ACT composite score of 17 or higher,88
Charlotte-Mecklenburg Schools,600594,Merancas Middle College High,'18-'19,Southwest,13-Nov,3,Black,ACT composite score of 17 or higher,76.2
Charlotte-Mecklenburg Schools,600594,Merancas Middle College High,'18-'19,Southwest,13-Nov,3,White,ACT composite score of 17 or higher,95
Charlotte-Mecklenburg Schools,600594,Merancas Middle College High,'18-'19,Southwest,13-Nov,3,Academically or Intellectually Gifted,ACT composite score of 17 or higher,95
Charlotte-Mecklenburg Schools,600594,Merancas Middle College High,'18-'19,Southwest,13-Nov,3,Not Economically Disadvantaged,ACT composite score of 17 or higher,89.5
Charlotte-Mecklenburg Schools,600594,Merancas Middle College High,'18-'19,Southwest,13-Nov,3,Not a Student with Disabilities,ACT composite score of 17 or higher,90.5
